-- phpMyAdmin SQL Dump
-- version 5.1.3
-- https://www.phpmyadmin.net/
--
-- 主機： 127.0.0.1
-- 產生時間： 2022-04-25 14:45:17
-- 伺服器版本： 10.4.24-MariaDB
-- PHP 版本： 8.1.4

SET SQL_MODE = "NO_AUTO_VALUE_ON_ZERO";
START TRANSACTION;
SET time_zone = "+00:00";

--
-- 資料庫: `team_project`
--

-- --------------------------------------------------------

--
-- 資料表結構 `admin_user`
--
-- 建立時間： 2022-04-25 06:40:13
--

DROP TABLE IF EXISTS `admin_user`;
CREATE TABLE `admin_user` (
  `id` int(5) UNSIGNED NOT NULL,
  `name` varchar(20) COLLATE utf8mb4_unicode_ci NOT NULL,
  `account` varchar(50) COLLATE utf8mb4_unicode_ci NOT NULL,
  `password` varchar(20) COLLATE utf8mb4_unicode_ci NOT NULL,
  `create_time` datetime NOT NULL,
  `valid` tinyint(4) NOT NULL DEFAULT 1
) ENGINE=InnoDB DEFAULT CHARSET=utf8mb4 COLLATE=utf8mb4_unicode_ci;

--
-- 傾印資料表的資料 `admin_user`
--

INSERT INTO `admin_user` (`id`, `name`, `account`, `password`, `create_time`, `valid`) VALUES
(1, '管理者', 'admin123@test.com', '12345', '2022-04-25 03:21:02', 1);

-- --------------------------------------------------------

--
-- 資料表結構 `category`
--
-- 建立時間： 2022-04-25 06:40:13
--

DROP TABLE IF EXISTS `category`;
CREATE TABLE `category` (
  `id` int(5) UNSIGNED NOT NULL,
  `category_name` varchar(50) COLLATE utf8mb4_unicode_ci NOT NULL,
  `classify_id` int(5) NOT NULL,
  `valid` tinyint(4) NOT NULL DEFAULT 1
) ENGINE=InnoDB DEFAULT CHARSET=utf8mb4 COLLATE=utf8mb4_unicode_ci;

--
-- 傾印資料表的資料 `category`
--

INSERT INTO `category` (`id`, `category_name`, `classify_id`, `valid`) VALUES
(1, '餐具', 1, 1),
(2, '抱枕', 1, 1),
(3, '夜燈', 1, 1),
(4, '擺飾', 1, 1),
(5, '衛浴用品', 1, 1),
(6, '便利小物', 1, 1),
(7, '沐浴', 2, 1),
(8, '精油與配件', 2, 1),
(9, '香水', 2, 1),
(10, '個人配件', 3, 1),
(11, '首飾', 3, 1),
(12, '髮飾', 3, 1),
(13, '3C產品', 4, 1),
(14, '家用電器', 4, 1),
(15, '書寫工具', 5, 1),
(16, '辦公用具', 5, 1),
(17, '玩偶', 6, 1),
(18, '玩具', 6, 1),
(19, '療癒小物', 6, 1),
(20, '日常包款', 7, 1),
(21, '錢包', 7, 1),
(22, '收納包', 7, 1),
(23, '旅行', 7, 1);

-- --------------------------------------------------------

--
-- 資料表結構 `classify`
--
-- 建立時間： 2022-04-25 06:40:13
--

DROP TABLE IF EXISTS `classify`;
CREATE TABLE `classify` (
  `id` int(5) NOT NULL,
  `classify_name` varchar(50) COLLATE utf8mb4_unicode_ci NOT NULL,
  `valid` tinyint(4) NOT NULL DEFAULT 1
) ENGINE=InnoDB DEFAULT CHARSET=utf8mb4 COLLATE=utf8mb4_unicode_ci;

--
-- 傾印資料表的資料 `classify`
--

INSERT INTO `classify` (`id`, `classify_name`, `valid`) VALUES
(1, '居家生活', 1),
(2, '香氛系列', 1),
(3, '配件飾品', 1),
(4, '家電3C', 1),
(5, '辦公文具', 1),
(6, '玩偶玩具', 1),
(7, '包包提袋', 1);

-- --------------------------------------------------------

--
-- 資料表結構 `course`
--
-- 建立時間： 2022-04-25 06:40:13
--

DROP TABLE IF EXISTS `course`;
CREATE TABLE `course` (
  `id` int(5) UNSIGNED NOT NULL,
  `course_date` date NOT NULL,
  `course_name` varchar(20) COLLATE utf8mb4_unicode_ci NOT NULL,
  `course_location` varchar(20) COLLATE utf8mb4_unicode_ci NOT NULL,
  `course_price` int(5) NOT NULL,
  `member_num` varchar(20) COLLATE utf8mb4_unicode_ci NOT NULL,
  `member_name` varchar(20) COLLATE utf8mb4_unicode_ci NOT NULL
) ENGINE=InnoDB DEFAULT CHARSET=utf8mb4 COLLATE=utf8mb4_unicode_ci;

-- --------------------------------------------------------

--
-- 資料表結構 `customer_user`
--
-- 建立時間： 2022-04-25 06:40:13
--

DROP TABLE IF EXISTS `customer_user`;
CREATE TABLE `customer_user` (
  `id` int(5) UNSIGNED NOT NULL,
  `member_num` varchar(20) COLLATE utf8mb4_unicode_ci NOT NULL,
  `member_name` varchar(20) COLLATE utf8mb4_unicode_ci NOT NULL,
  `account` varchar(50) COLLATE utf8mb4_unicode_ci NOT NULL,
  `password` varchar(20) COLLATE utf8mb4_unicode_ci NOT NULL,
  `gender` varchar(10) COLLATE utf8mb4_unicode_ci NOT NULL,
  `age` int(10) NOT NULL,
  `phone` varchar(20) COLLATE utf8mb4_unicode_ci NOT NULL,
  `address` varchar(50) COLLATE utf8mb4_unicode_ci NOT NULL,
  `create_time` datetime NOT NULL,
  `valid` tinyint(4) NOT NULL
) ENGINE=InnoDB DEFAULT CHARSET=utf8mb4 COLLATE=utf8mb4_unicode_ci;

--
-- 傾印資料表的資料 `customer_user`
--

INSERT INTO `customer_user` (`id`, `member_num`, `member_name`, `account`, `password`, `gender`, `age`, `phone`, `address`, `create_time`, `valid`) VALUES
(1, 'cus_001', '殷琦程', 'joe123@test.com', '12345', '男', 21, '0936000001', '桃園市平鎮區南安路7號', '2022-01-01 10:30:00', 0),
(2, 'cus_002', '謝壘景', 'jack123@test.com', '12345', '男', 22, '0936000002', '桃園市中壢區大仁五街25號', '2022-01-02 10:30:00', 1),
(3, 'cus_003', '邱禮凱', 'alan123@test.com', '12345', '男', 28, '0936000003', '桃園市新屋區青田路35號', '2022-01-03 10:30:00', 1),
(4, 'cus_004', '汪品月', 'mary123@test.com', '12345', '女', 42, '0936000004', '臺中市潭子區人和路2號', '2022-01-03 14:30:00', 1),
(5, 'cus_005', '許實詠', 'ben123@test.com', '12345', '男', 35, '0936000005', '臺中市大雅區雅潭路30號', '2022-01-04 10:30:00', 1),
(6, 'cus_006', '盛含姿', 'sue123@test.com', '12345', '女', 19, '0936000006', '臺中市豐原區建成路4號', '2022-01-04 16:30:00', 1),
(7, 'cus_007', '高心若', 'susan123@test.com', '12345', '女', 22, '0936000007', '臺中市北區中華西街33號', '2022-01-05 10:30:00', 1),
(8, 'cus_008', '羿煦香', 'jane123@test.com', '12345', '女', 23, '0936000008', '臺北市北投區石牌路15號', '2022-01-06 10:30:00', 1),
(9, 'cus_009', '李雋茵', 'lily123@test.com', '12345', '女', 25, '0936000009', '臺北市士林區劍南路24號', '2022-01-07 10:30:00', 1),
(10, 'cus_010', '金竹碧', 'amy123@test.com', '12345', '女', 41, '0936000010', '新北市三重區重化街27號', '2022-01-08 10:30:00', 1),
(11, 'cus_011', 'joe', 'joe@test.com', 'fgdfg', 'sgf', 0, 'dfg', 'dgf', '2022-04-25 10:52:29', 1);

-- --------------------------------------------------------

--
-- 資料表結構 `exhibition`
--
-- 建立時間： 2022-04-25 06:40:13
--

DROP TABLE IF EXISTS `exhibition`;
CREATE TABLE `exhibition` (
  `id` int(5) UNSIGNED NOT NULL,
  `exhibition_name` varchar(20) COLLATE utf8mb4_unicode_ci NOT NULL,
  `exhibition_price` int(5) NOT NULL,
  `count` int(3) NOT NULL
) ENGINE=InnoDB DEFAULT CHARSET=utf8mb4 COLLATE=utf8mb4_unicode_ci;

-- --------------------------------------------------------

--
-- 資料表結構 `product`
--
-- 建立時間： 2022-04-25 06:40:13
-- 最後更新： 2022-04-25 06:44:36
--

DROP TABLE IF EXISTS `product`;
CREATE TABLE `product` (
  `id` int(5) UNSIGNED NOT NULL,
  `product_num` varchar(20) COLLATE utf8mb4_unicode_ci NOT NULL,
  `product_name` varchar(50) COLLATE utf8mb4_unicode_ci NOT NULL,
  `product_brand` varchar(20) COLLATE utf8mb4_unicode_ci NOT NULL,
  `vendor_id` int(5) NOT NULL,
  `classify_id` int(5) NOT NULL,
  `category` varchar(20) COLLATE utf8mb4_unicode_ci NOT NULL,
  `category_id` int(5) NOT NULL,
  `price` int(5) NOT NULL,
  `product_count` int(5) NOT NULL,
  `img` varchar(100) COLLATE utf8mb4_unicode_ci NOT NULL,
  `shelf` tinyint(1) NOT NULL DEFAULT 1,
  `valid` varchar(5) COLLATE utf8mb4_unicode_ci NOT NULL
) ENGINE=InnoDB DEFAULT CHARSET=utf8mb4 COLLATE=utf8mb4_unicode_ci;

--
-- 傾印資料表的資料 `product`
--

INSERT INTO `product` (`id`, `product_num`, `product_name`, `product_brand`, `vendor_id`, `classify_id`, `category`, `category_id`, `price`, `product_count`, `img`, `shelf`, `valid`) VALUES
(1, 'a001', '拿坡里環保咖啡壺', '彩漾', 1, 1, '餐具', 1, 700, 10, '1_1咖啡壺.jpg', 0, '1'),
(2, 'a002', '一角筷套組', '黃連', 4, 1, '餐具', 1, 250, 10, '2_1筷匙.jpg', 1, '1'),
(3, 'a003', '手工橄欖木高腳杯', '彩漾', 1, 1, '餐具', 1, 650, 10, '3_1高腳杯.jpg', 1, '1'),
(4, 'a004', '情侶對杯盤子', '黃連', 4, 1, '餐具', 1, 950, 10, '4_1情侶杯盤.jpg', 1, '1'),
(5, 'a005', '摩艾細造型玻璃吸管', '彩漾', 1, 1, '餐具', 1, 320, 10, '5_1吸管.jpg', 1, '1'),
(6, 'a006', '原木點心架', '黃連', 4, 1, '餐具', 1, 1200, 10, '6_1點心架.jpg', 1, '1'),
(7, 'a007', '日日便當盒', '紫電', 7, 1, '餐具', 1, 700, 10, '7_1便當盒.jpg', 1, '1'),
(8, 'a008', '人物造型馬克杯', '紫電', 7, 1, '餐具', 1, 350, 10, '8_1馬克杯.jpg', 1, '1'),
(9, 'a009', '青白瓷菊型盤', '紫電', 7, 1, '餐具', 1, 660, 10, '9_1瓷盤.jpg', 1, '1'),
(10, 'a010', '手繪湯鍋', '紫電', 7, 1, '餐具', 1, 1500, 10, '10_1湯鍋.jpg', 1, '1'),
(11, 'b001', '半陽靠枕', '橙多', 3, 1, '抱枕', 2, 220, 10, '1_1半陽抱枕.jpg', 1, '1'),
(12, 'b002', '義大利藍絨抱枕', '藍天', 6, 1, '抱枕', 2, 720, 10, '2_1抱枕藍.jpg', 1, '1'),
(13, 'b003', '水墨筆觸藍黃抱枕', '德晶', 9, 1, '抱枕', 2, 470, 10, '3_1抱枕藍黃.jpg', 1, '1'),
(14, 'b004', '花花多功能抱枕', '藍天', 6, 1, '抱枕', 2, 800, 10, '4_1花.jpg', 1, '1'),
(15, 'b005', '簡約淺綠幾何抱枕', '德晶', 9, 1, '抱枕', 2, 400, 10, '5_1綠.jpg', 1, '1'),
(16, 'b006', '喜寶抱枕', '藍天', 6, 1, '抱枕', 2, 600, 10, '6_1bao.jpg', 1, '1'),
(17, 'b007', '炸蝦貓咪午睡枕', '德晶', 9, 1, '抱枕', 2, 550, 10, '7_1炸蝦貓咪.jpg', 1, '1'),
(18, 'b008', '貓底圖案抱枕', '藍天', 6, 1, '抱枕', 2, 700, 10, '8_1green-cat.jpg', 1, '1'),
(19, 'b009', '臘腸狗抱枕', '藍天', 6, 1, '抱枕', 2, 450, 10, '9_1臘腸狗.jpg', 1, '1'),
(20, 'b010', '藍底青蛙抱枕', '橙多', 3, 1, '抱枕', 2, 480, 10, '10_1frog.jpg', 1, '1'),
(21, 'c001', 'NaturalBird療癒夜燈', '紅樹果', 2, 1, '夜燈', 3, 550, 10, '1_1bird.jpg', 1, '1'),
(22, 'c002', '可愛麋鹿夜燈', '勝暉', 10, 1, '夜燈', 3, 780, 10, '2_1deer.jpg', 1, '1'),
(23, 'c003', '鴨梨伴眠燈', '紅樹果', 2, 1, '夜燈', 3, 330, 10, '3_1鴨梨.jpg', 1, '1'),
(24, 'c004', '鬱金香仿真花夜燈', '勝暉', 10, 1, '夜燈', 3, 1300, 10, '4_1flower.jpg', 1, '1'),
(25, 'c005', '水磨石氣氛LED夜燈', '紅樹果', 2, 1, '夜燈', 3, 480, 10, '5_1水磨石bulb.jpg', 1, '1'),
(26, 'c006', '蒲公英木質燈飾', '勝暉', 10, 1, '夜燈', 3, 1400, 10, '6_1蒲公英.jpg', 1, '1'),
(27, 'c007', '波利LED拉拉燈', '紅樹果', 2, 1, '夜燈', 3, 200, 10, '7_1拉拉bulb.jpg', 1, '1'),
(28, 'c008', '瑪利歐主題小夜燈', '凱基', 8, 1, '夜燈', 3, 2600, 10, '8_1馬力歐lamp.jpg', 1, '1'),
(29, 'c009', '手工編織竹編臺燈', '凱基', 8, 1, '夜燈', 3, 1760, 10, '9_1竹編燈.jpg', 1, '1'),
(30, 'c010', '法式浪漫簡約床頭燈', '勝暉', 10, 1, '夜燈', 3, 1450, 10, '10_1浪漫燈.jpg', 1, '1'),
(31, 'd001', '橘白貓花器', '橙多', 3, 1, '擺飾', 4, 900, 10, '1_1貓花器.jpg', 1, '1'),
(32, 'd002', '微景觀苔蘚生態缸', '彩漾', 1, 1, '擺飾', 4, 2100, 10, '2_1微景觀.jpg', 1, '1'),
(33, 'd003', '曼菲斯擺盤', '橙多', 3, 1, '擺飾', 4, 600, 10, '3_1曼菲斯擺盤.jpg', 1, '1'),
(34, 'd004', '玻璃花瓶擺飾', '彩漾', 1, 1, '擺飾', 4, 700, 10, '4_1玻璃花瓶.jpg', 1, '1'),
(35, 'd005', '可愛帶路雞', '橙多', 3, 1, '擺飾', 4, 880, 10, '5_1chicken.jpg', 1, '1'),
(36, 'd006', '水泥盆擺飾', '綠界', 5, 1, '擺飾', 4, 500, 10, '6_1水泥盆栽.jpg', 1, '1'),
(37, 'd007', '微景觀水晶球', '橙多', 3, 1, '擺飾', 4, 2300, 10, '7_1水晶景觀物.jpg', 1, '1'),
(38, 'd008', '抽象花卉陶瓷擺件', '綠界', 5, 1, '擺飾', 4, 1400, 10, '8_1瓷花卉.jpg', 1, '1'),
(39, 'd009', '煙囪小熊', '橙多', 3, 1, '擺飾', 4, 1700, 10, '9_1bear.jpg', 1, '1'),
(40, 'd010', '白日夢貓頭鷹擺飾', '橙多', 3, 1, '擺飾', 4, 1500, 10, '10_1owl.jpg', 1, '1'),
(41, 'e001', '簡約陶瓷圓瓶', '紅樹果', 2, 1, '衛浴用品', 5, 400, 10, '1-1簡約陶瓷圓瓶.jpg', 1, '1'),
(42, 'e002', '節流皂床-肥皂架', '勝暉', 10, 1, '衛浴用品', 5, 400, 10, '2-2節流皂床-肥皂架.jpg', 1, '1'),
(43, 'e003', '音波震動牙刷', '黃連', 4, 1, '衛浴用品', 5, 1000, 10, '3-1音波震動牙刷.jpg', 1, '1'),
(44, 'e004', '北美黑胡桃原木-紙巾架', '勝暉', 10, 1, '衛浴用品', 5, 700, 10, '4-2原木紙巾架.jpg', 1, '1'),
(45, 'e005', '美式鄉村復古-紙巾架', '黃連', 4, 1, '衛浴用品', 5, 600, 10, '5-1復古紙巾架.jpg', 1, '1'),
(46, 'e006', '大理石衛浴套組', '勝暉', 10, 1, '衛浴用品', 5, 1000, 10, '6-1大理石衛浴套組.jpg', 1, '1'),
(47, 'e007', '水泥製波浪肥皂盒', '紅樹果', 2, 1, '衛浴用品', 5, 400, 10, '7-1水泥製波浪肥皂盒.jpg', 1, '1'),
(48, 'e008', '大理石浴缸架', '勝暉', 10, 1, '衛浴用品', 5, 2500, 10, '8-1大理石浴缸架.jpg', 1, '1'),
(49, 'e009', '羅密喵捲筒衛生紙架', '黃連', 4, 1, '衛浴用品', 5, 400, 10, '9-1羅密喵捲筒衛生紙架.jpg', 1, '1'),
(50, 'e010', '文創防霉浴簾-秋日早晨', '紅樹果', 2, 1, '衛浴用品', 5, 400, 10, '10-1文創防霉浴簾-秋日早晨.jpg', 1, '1'),
(51, 'f001', '史努比環保購物袋', '綠界', 5, 1, '便利小物', 6, 300, 10, '1-3史努比環保購物袋.jpg', 1, '1'),
(52, 'f002', '吉祥物-青蛙與向日葵', '紫電', 7, 1, '便利小物', 6, 250, 10, '2-1吉祥物-青蛙與向日葵.jpg', 1, '1'),
(53, 'f003', '鯉魚旗-和風擺飾', '綠界', 5, 1, '便利小物', 6, 350, 10, '3-3鯉魚旗-和風擺飾.jpg', 1, '1'),
(54, 'f004', '龍貓門簾', '紫電', 7, 1, '便利小物', 6, 800, 10, '4-1龍貓窗簾.jpg', 1, '1'),
(55, 'f005', '松鼠木製掛鐘', '德晶', 9, 1, '便利小物', 6, 2000, 10, '5-1松鼠木製掛鐘.jpg', 1, '1'),
(56, 'f006', '木鎖圈', '綠界', 5, 1, '便利小物', 6, 220, 10, '6-2木鎖圈.jpg', 1, '1'),
(57, 'f007', '木質手機座', '德晶', 9, 1, '便利小物', 6, 450, 10, '7-1木質手機座.jpg', 1, '1'),
(58, 'f008', '太空人小夜燈', '綠界', 5, 1, '便利小物', 6, 300, 10, '8-1太空人小夜燈.jpg', 1, '1'),
(59, 'f009', '按壓式桌面垃圾桶', '綠界', 5, 1, '便利小物', 6, 350, 10, '9-3按壓式桌面垃圾桶.jpg', 1, '1'),
(60, 'f010', '發光杯墊', '綠界', 5, 1, '便利小物', 6, 150, 10, '10-1發光杯墊.jpg', 1, '1'),
(61, 'g001', '天然精油紓壓沐浴鹽', '彩漾', 1, 2, '沐浴用品', 7, 530, 10, '1-1天然精油紓壓沐浴鹽.jpg', 1, '1'),
(62, 'g002', '義大利香氛沐浴露', '藍天', 6, 2, '沐浴用品', 7, 750, 10, '2-2義大利香氛沐浴露.jpg', 1, '1'),
(63, 'g003', '紫草茶樹修護皂', '藍天', 6, 2, '沐浴用品', 7, 220, 10, '3-1紫草茶樹修護皂.jpg', 1, '1'),
(64, 'g004', '泡澡炸彈', '彩漾', 1, 2, '沐浴用品', 7, 100, 10, '4-1泡澡炸彈.jpg', 1, '1'),
(65, 'g005', '珍珠泡澡球', '凱基', 8, 2, '沐浴用品', 7, 650, 10, '5-1珍珠泡澡球.jpg', 1, '1'),
(66, 'g006', '如虎添運沐浴球', '藍天', 6, 2, '沐浴用品', 7, 300, 10, '6-1如虎添運沐浴球.jpg', 1, '1'),
(67, 'g007', '星際隕石皂', '彩漾', 1, 2, '沐浴用品', 7, 450, 10, '7-2星際隕石皂.jpg', 1, '1'),
(68, 'g008', '馬油蠶絲滋養皂', '藍天', 6, 2, '沐浴用品', 7, 300, 10, '8-1馬油蠶絲滋養皂.jpg', 1, '1'),
(69, 'g009', '橙花沐浴鹽', '凱基', 8, 2, '沐浴用品', 7, 700, 10, '9-1橙花沐浴鹽.jpg', 1, '1'),
(70, 'g010', '微笑柴犬-天然皂', '藍天', 6, 2, '沐浴用品', 7, 300, 10, '10-3微笑柴犬-天然皂.jpg', 1, '1'),
(71, 'h001', '環保天然香氛蠟燭', '紅樹果', 2, 2, '精油與配件', 8, 650, 10, '1-3環保天然香氛蠟燭.jpg', 1, '1'),
(72, 'h002', '大理石旋轉燭台-香氛蠟燭', '紅樹果', 2, 2, '精油與配件', 8, 250, 10, '2-5大理石旋轉燭台.jpg', 1, '1'),
(73, 'h003', '天然水晶擴香組', '勝暉', 10, 2, '精油與配件', 8, 1500, 10, '3-3天然水晶擴香組.jpg', 1, '1'),
(74, 'h004', '朵納香氛融蠟薰香燈組', '勝暉', 10, 2, '精油與配件', 8, 1200, 10, '4-2朵納香氛融蠟薰香燈組.jpg', 1, '1'),
(75, 'h005', 'cocodor擴香瓶', '綠界', 5, 2, '精油與配件', 8, 600, 10, '5-2cocodor擴香瓶.jpg', 1, '1'),
(76, 'h006', '擴香機器人', '紅樹果', 2, 2, '精油與配件', 8, 200, 10, '6-3擴香機器人.jpg', 1, '1'),
(77, 'h007', '木酢寶寶擴香石', '綠界', 5, 2, '精油與配件', 8, 400, 10, '7-1木酢寶寶擴香石.jpg', 1, '1'),
(78, 'h008', '香氛膏', '紅樹果', 2, 2, '精油與配件', 8, 250, 10, '8-4香氛膏.jpg', 1, '1'),
(79, 'h009', 'Fantasy擴香儀', '綠界', 5, 2, '精油與配件', 8, 1000, 10, '9-1Fantasy擴香儀.jpg', 1, '1'),
(80, 'h010', '車用擴香-琉光夜蝶', '綠界', 5, 2, '精油與配件', 8, 1100, 10, '10-1車用擴香-琉光夜蝶.jpg', 1, '1'),
(81, 'i001', 'Armani綠波光淡香精', '橙多', 3, 2, '香水', 9, 3950, 10, '2-3Armani淡香精.jpg', 1, '1'),
(82, 'i002', 'Carthusia義大利紅珊瑚香水', '藍天', 6, 2, '香水', 9, 2350, 10, '3-3Carthusia香水.jpg', 1, '1'),
(83, 'i003', 'Hanschiu居家擴香禮盒', '橙多', 3, 2, '香水', 9, 1380, 10, '4-3Hanschiu擴香禮盒.jpg', 1, '1'),
(84, 'i004', 'JoMalone地中海水仙花', '德晶', 9, 2, '香水', 9, 5450, 10, '5-2JoMalone.jpg', 1, '1'),
(85, 'i005', 'MUSK金麝香淡香精', '藍天', 6, 2, '香水', 9, 1699, 10, '6-1Musk金麝香.jpg', 1, '1'),
(86, 'i006', 'Noir蕾絲精油夜香水', '橙多', 3, 2, '香水', 9, 650, 10, '7-3Noir夜香水.jpg', 1, '1'),
(87, 'i007', 'Ohana原野精靈輕香水', '德晶', 9, 2, '香水', 9, 680, 10, '8-2Ohana輕香水.jpg', 1, '1'),
(88, 'i008', 'Rinkles衣物抗皺香水', '橙多', 3, 2, '香水', 9, 1680, 10, '9-1Rinkles衣物抗皺香水.jpg', 1, '1'),
(89, 'i009', 'SaythingGood迷你小擴香組', '德晶', 9, 2, '香水', 9, 560, 10, '10-3迷你小擴香組.jpg', 1, '1'),
(90, 'i010', 'Byredo淡香水', '德晶', 9, 2, '香水', 9, 4200, 10, '1-1byredo香水.jpg', 1, '1'),
(91, 'j001', '康橋慢點笑臉刺繡鴨舌帽', '黃連', 4, 3, '個人配件', 10, 1180, 10, '8-2康橋帽子.jpg', 1, '1'),
(92, 'j002', 'Alegant時尚金框墨鏡', '紫電', 7, 3, '個人配件', 10, 980, 10, '3-3Alegant墨鏡.jpg', 1, '1'),
(93, 'j003', '台灣刺繡手帕小方巾', '凱基', 8, 3, '個人配件', 10, 160, 10, '7-2娜吉小方巾.jpg', 1, '1'),
(94, 'j004', '森林小刺蝟手帕', '黃連', 4, 3, '個人配件', 10, 400, 10, '6-3明日之星手帕.jpg', 1, '1'),
(95, 'j005', '真皮皮帶', '凱基', 8, 3, '個人配件', 10, 450, 10, '1-1艾德橋皮帶.jpg', 1, '1'),
(96, 'j006', '繡花手織綿圍巾', '紫電', 7, 3, '個人配件', 10, 1380, 10, '2-1卓也圍巾.jpg', 1, '1'),
(97, 'j007', '羊毛圍巾', '凱基', 8, 3, '個人配件', 10, 1680, 10, '9-1魅力圍巾.jpg', 1, '1'),
(98, 'j008', '漁夫帽', '黃連', 4, 3, '個人配件', 10, 580, 10, '5-3Undefine帽子.jpg', 1, '1'),
(99, 'j009', '老派紳士帽', '紫電', 7, 3, '個人配件', 10, 2980, 10, '10-1藺子草帽.jpg', 1, '1'),
(100, 'j010', '羊毛針織手套', '凱基', 8, 3, '個人配件', 10, 1180, 10, '4-1omhandmade手套.jpg', 1, '1'),
(101, 'k001', '上弦之月項鍊', '紅樹果', 2, 3, '首飾', 11, 2030, 10, '1-1Crudo項鍊.jpg', 1, '1'),
(102, 'k002', '戒指', '藍天', 6, 3, '首飾', 11, 800, 10, '9-1沐銀戒指.jpg', 1, '1'),
(103, 'k003', '純銀戒指', '德晶', 9, 3, '首飾', 11, 1480, 10, '10-3龍銀戒指.jpg', 1, '1'),
(104, 'k004', '水晶項鍊', '紅樹果', 2, 3, '首飾', 11, 1280, 10, '4-3KUUKI項鍊.jpg', 1, '1'),
(105, 'k005', '生日石項鍊', '藍天', 6, 3, '首飾', 11, 980, 10, '8-2WIGHE19項鍊.jpg', 1, '1'),
(106, 'k006', '貓咪吐司手工耳環', '紅樹果', 2, 3, '首飾', 11, 40, 10, '3-2Enjoy耳環.jpg', 1, '1'),
(107, 'k007', '銀水晶手鍊', '紅樹果', 2, 3, '首飾', 11, 1500, 10, '6-1paradise手鍊.jpg', 1, '1'),
(108, 'k008', '吊牌手鍊', '紅樹果', 2, 3, '首飾', 11, 350, 10, '2-3EM手鍊.jpg', 1, '1'),
(109, 'k009', '蝴蝶耳夾', '紅樹果', 2, 3, '首飾', 11, 290, 10, '5-2Lacat耳夾.jpg', 1, '1'),
(110, 'k010', '綠葉項鍊', '德晶', 9, 3, '首飾', 11, 290, 10, '7-1sugar頸鏈.jpg', 1, '1'),
(111, 'l001', '彩色花漾編織髮圈', '彩漾', 1, 3, '髮飾', 12, 430, 10, '1-3chiko.jpg', 1, '1'),
(112, 'l002', '花蝶戀髮簪', '橙多', 3, 3, '髮飾', 12, 360, 10, '10-1橘子喵髮簪.jpg', 1, '1'),
(113, 'l003', '水鑽石髮夾', '彩漾', 1, 3, '髮飾', 12, 500, 10, '6-2summerfly髮夾.jpg', 1, '1'),
(114, 'l004', '青青草兒髮圈', '彩漾', 1, 3, '髮飾', 12, 100, 10, '4-1Rednoseshiau髮圈.jpg', 1, '1'),
(115, 'l005', '雙色髮箍', '橙多', 3, 3, '髮飾', 12, 500, 10, '3-1Muchat髮箍.jpg', 1, '1'),
(116, 'l006', '緞帶大腸圈髮圈', '橙多', 3, 3, '髮飾', 12, 200, 10, '5-1reikabella髮圈.jpg', 1, '1'),
(117, 'l007', '彩虹金柑糖髮夾', '彩漾', 1, 3, '髮飾', 12, 250, 10, '7-2太太手作髮夾.jpg', 1, '1'),
(118, 'l008', '貓咪髮夾', '橙多', 3, 3, '髮飾', 12, 620, 10, '9-2森花髮夾.jpg', 1, '1'),
(119, 'l009', '玫瑰花髮夾', '橙多', 3, 3, '髮飾', 12, 840, 10, '2-2Hakula髮夾.jpg', 1, '1'),
(120, 'l010', '桂花髮簪', '彩漾', 1, 3, '髮飾', 12, 880, 10, '8-2若桑髮簪.jpg', 1, '1'),
(121, 'm001', '無線藍牙機械鍵盤滑鼠套裝', '黃連', 4, 4, '3C產品', 13, 2000, 10, '無線藍牙機械鍵盤滑鼠套裝-1.jpg', 1, '1'),
(122, 'm002', 'ADAM多功能轉接器(5-port)', '黃連', 4, 4, '3C產品', 13, 990, 10, '5port多功能轉接器-1.jpg', 1, '1'),
(123, 'm003', 'ELECOM攜帶型靜音無線滑鼠附皮袋', '黃連', 4, 4, '3C產品', 13, 850, 10, '攜帶型靜音無線滑鼠附皮袋-1.jpg', 1, '1'),
(124, 'm004', '100WGaN萬用超級充電器', '黃連', 4, 4, '3C產品', 13, 2490, 10, '萬用超級充電器-1.jpg', 1, '1'),
(125, 'm005', '北歐超薄快充行動電源', '紫電', 7, 4, '3C產品', 13, 990, 10, '北歐超薄快充行動電源-1.jpg', 1, '1'),
(126, 'm006', '二合一木製iPhone充電器', '紫電', 7, 4, '3C產品', 13, 2350, 10, '胡桃木的iphone充電器-1.jpg', 1, '1'),
(127, 'm007', 'Lightning-to-USB-C快充', '紫電', 7, 4, '3C產品', 13, 590, 10, '快充傳輸線-1.jpg', 1, '1'),
(128, 'm008', '摩艾.趴姿翹屁股USB隨身碟-32G', '勝暉', 10, 4, '3C產品', 13, 700, 10, '摩艾趴姿翹屁股USB隨身碟-1.jpg', 1, '1'),
(129, 'm009', '雙系統USB-A備份豆腐', '勝暉', 10, 4, '3C產品', 13, 1300, 10, 'USB-A備份豆腐-1.jpg', 1, '1'),
(130, 'm010', '二合一磁吸桌面無線充', '勝暉', 10, 4, '3C產品', 13, 1450, 10, '二合一磁吸桌面無線充-1.jpg', 1, '1'),
(131, 'n001', 'Ethne長頸鹿風扇', '橙多', 3, 4, '家用電器', 14, 690, 10, '長頸鹿風扇-1.jpg', 1, '1'),
(132, 'n002', 'Steamery瑞典手持蒸氣掛燙機', '橙多', 3, 4, '家用電器', 14, 4580, 10, '手持蒸氣掛燙機-1.jpg', 1, '1'),
(133, 'n003', '正負零-無線電動拖把', '橙多', 3, 4, '家用電器', 14, 4490, 10, '無線電動拖把-1.jpg', 1, '1'),
(134, 'n004', '無線UV除螨吸塵器', '橙多', 3, 4, '家用電器', 14, 7980, 10, '無線UV除螨吸塵器-1.jpg', 1, '1'),
(135, 'n005', 'Steamery瑞典-充電式除毛球機', '橙多', 3, 4, '家用電器', 14, 1880, 10, '充電式除毛球機-1.jpg', 1, '1'),
(136, 'n006', '速暖式雲母電暖器', '綠界', 5, 4, '家用電器', 14, 6990, 10, '速暖式雲母電暖器-1.jpg', 1, '1'),
(137, 'n007', 'amadana-櫥櫃用除濕機', '綠界', 5, 4, '家用電器', 14, 2690, 10, '櫥櫃用除濕機-1.jpeg', 1, '1'),
(138, 'n008', 'ThePure-空氣清淨機', '綠界', 5, 4, '家用電器', 14, 13990, 10, 'ThePure空氣清淨機-1.jpg', 1, '1'),
(139, 'n009', '極靜音直立式電風扇', '凱基', 8, 4, '家用電器', 14, 4980, 10, '極靜音直立式電風扇-1.jpg', 1, '1'),
(140, 'n010', 'HYPER-X萬用吸塵器', '凱基', 8, 4, '家用電器', 14, 3280, 10, 'HYPER-X萬用吸塵器-1.jpg', 1, '1'),
(141, 'o001', '生活片段四色筆(0.38mm) ', '彩漾', 1, 5, '書寫工具', 15, 190, 10, '生活片段四色筆-1.jpg', 1, '1'),
(142, 'o002', '【TA+d】筆力尺 ', '彩漾', 1, 5, '書寫工具', 15, 1980, 10, '筆力尺-1.jpg', 1, '1'),
(143, 'o003', '七邊自動鉛筆', '綠界', 5, 5, '書寫工具', 15, 1800, 10, '七邊自動鉛筆-1.jpg', 1, '1'),
(144, 'o004', '思量直尺', '綠界', 5, 5, '書寫工具', 15, 570, 10, '思量直尺-1.jpg', 1, '1'),
(145, 'o005', '紅木筆管原銅裝雙色書法鋼尖鋼筆', '紫電', 7, 5, '書寫工具', 15, 3800, 10, '書法鋼尖鋼筆-1.jpg', 1, '1'),
(146, 'o006', '手工木質鋼筆', '紫電', 7, 5, '書寫工具', 15, 5800, 10, '手工木質鋼筆-1.jpg', 1, '1'),
(147, 'o007', 'Mark+獨角仙同色系螢光筆', '紫電', 7, 5, '書寫工具', 15, 70, 10, '螢光筆-1.jpg', 1, '1'),
(148, 'o008', '環保塑料/真草筆/真稻筆/六入', '紫電', 7, 5, '書寫工具', 15, 550, 10, '真稻筆-1.jpg', 1, '1'),
(149, 'o009', '蠟筆小新自動橡皮擦筆', '紫電', 7, 5, '書寫工具', 15, 30, 10, '蠟筆小新自動橡皮擦筆-1.jpg', 1, '1'),
(150, 'o010', 'PREMEC瑞士筆', '紫電', 7, 5, '書寫工具', 15, 540, 10, '瑞士筆-1.jpg', 1, '1'),
(151, 'p001', '超大皮革軟木桌墊/ 家用辦公室學生桌墊', '紅樹果', 2, 5, '辦公用具', 16, 300, 10, '超大皮革軟木桌墊-1.jpg', 1, '1'),
(152, 'p002', '無針訂書機美壓版', '紅樹果', 2, 5, '辦公用具', 16, 490, 10, '無針訂書機-1.jpg', 1, '1'),
(153, 'p003', '大阿嗚-筆筒', '紅樹果', 2, 5, '辦公用具', 16, 380, 10, '大阿嗚筆筒-1.jpg', 1, '1'),
(154, 'p004', 'A3專業裁紙機 (A3/A4適用)', '黃連', 4, 5, '辦公用具', 16, 1350, 10, 'A3專業裁紙機-1.jpg', 1, '1'),
(155, 'p005', '索引夾6入', '黃連', 4, 5, '辦公用具', 16, 490, 10, '索引夾-1.jpg', 1, '1'),
(156, 'p006', '怪獸電力公司系列大眼仔大膠帶台', '黃連', 4, 5, '辦公用具', 16, 1380, 10, '大眼仔大膠帶台-1.jpg', 1, '1'),
(157, 'p007', '【PLUS】滾輪個人資料保護章', '藍天', 6, 5, '辦公用具', 16, 240, 10, '滾輪個人資料保護章-1.jpg', 1, '1'),
(158, 'p008', 'WEMO PAD 可重用便利貼', '藍天', 6, 5, '辦公用具', 16, 320, 10, '可重用便利貼-1.jpg', 1, '1'),
(159, 'p009', '簡單生活系列 功能性便利貼', '藍天', 6, 5, '辦公用具', 16, 40, 10, '功能性便利貼-1.jpg', 1, '1'),
(160, 'p010', '透明風琴夾/12層', '藍天', 6, 5, '辦公用具', 16, 80, 10, '透明風琴夾-1.jpg', 1, '1'),
(161, 'q001', 'Deeri-鹿兒玩偶', '橙多', 3, 6, '玩偶', 17, 780, 10, 'Deeri鹿兒玩偶-1.jpg', 1, '1'),
(162, 'q002', 'Lioni-獅王玩偶', '橙多', 3, 6, '玩偶', 17, 780, 10, 'Lioni獅王玩偶-1.jpg', 1, '1'),
(163, 'q003', '經典條紋小鼠哥哥(含火柴盒)', '德晶', 9, 6, '玩偶', 17, 1000, 10, '經典條紋小鼠哥哥含火柴盒-1.jpg', 1, '1'),
(164, 'q004', '搖籃曲朋友兔寶寶', '德晶', 9, 6, '玩偶', 17, 1800, 10, '搖籃曲朋友兔寶寶-1.jpg', 1, '1'),
(165, 'q005', '限量手作玩偶松鼠娃娃', '德晶', 9, 6, '玩偶', 17, 800, 10, '限量手作玩偶-松鼠娃娃-1.jpg', 1, '1'),
(166, 'q006', 'SantaVer.耶誕老人公仔', '德晶', 9, 6, '玩偶', 17, 2200, 10, 'SantaVer-耶誕老人-1.jpg', 1, '1'),
(167, 'q007', '幸福郵差多米兔(含背包及兔寶寶)', '勝暉', 10, 6, '玩偶', 17, 950, 10, '幸福郵差多米兔-1.jpg', 1, '1'),
(168, 'q008', '磚紅巫栗貓', '勝暉', 10, 6, '玩偶', 17, 980, 10, '磚紅巫栗貓-1.jpg', 1, '1'),
(169, 'q009', '療癒玩偶 yoyo小萌狗', '勝暉', 10, 6, '玩偶', 17, 2390, 10, '療癒玩偶-yoyo小萌狗-1.jpg', 1, '1'),
(170, 'q010', '愛花女孩-手工布娃娃', '勝暉', 10, 6, '玩偶', 17, 1300, 10, '愛花女孩-手工布娃娃-1.jpg', 1, '1'),
(171, 'r001', '四層斷軌滾珠組(材料包)', '紅樹果', 2, 6, '玩具', 18, 590, 10, '四層斷軌滾珠組材料包-1.jpg', 1, '1'),
(172, 'r002', '滾輪式數學計算輔助教具', '紅樹果', 2, 6, '玩具', 18, 290, 10, '滾輪式數學計算輔助教具-1.jpg', 1, '1'),
(173, 'r003', '巴黎女孩小時尚衣櫃變裝娃娃', '紅樹果', 2, 6, '玩具', 18, 1680, 10, '巴黎女孩小時尚衣櫃變裝娃娃-1.jpg', 1, '1'),
(174, 'r004', '故事書手電筒(叢林動物)', '紅樹果', 2, 6, '玩具', 18, 420, 10, '故事書手電筒(叢林動物)-1.jpg', 1, '1'),
(175, 'r005', '木製童話王子公主 旋轉音樂盒', '紅樹果', 2, 6, '玩具', 18, 680, 10, '木製童話王子公主旋轉音樂盒-1.jpg', 1, '1'),
(176, 'r006', '木製聖誕發條跳跳玩具', '綠界', 5, 6, '玩具', 18, 200, 10, '木製聖誕發條跳跳玩具-1.jpg', 1, '1'),
(177, 'r007', '彩虹鵝卵石活動組', '綠界', 5, 6, '玩具', 18, 920, 10, '彩虹鵝卵石活動組 -1.jpg', 1, '1'),
(178, 'r008', '六形六色益智積木活動組', '綠界', 5, 6, '玩具', 18, 580, 10, '六形六色益智積木活動組-1.jpg', 1, '1'),
(179, 'r009', '星際賽車建構組', '凱基', 8, 6, '玩具', 18, 1650, 10, '星際賽車建構組-1.jpg', 1, '1'),
(180, 'r010', '甜馨小兔家具組', '凱基', 8, 6, '玩具', 18, 2350, 10, '甜馨小兔家具組-1.jpg', 1, '1'),
(181, 's001', '功夫貓積木', '彩漾', 1, 6, '療癒小物', 19, 500, 10, '功夫貓積木-1.jpg', 1, '1'),
(182, 's002', '台灣梅花鹿眼鏡架', '彩漾', 1, 6, '療癒小物', 19, 520, 10, '台灣梅花鹿眼鏡架-眼鏡收納架-1.jpg', 1, '1'),
(183, 's003', '角落小夥伴-一起去玩耍(6入)', '彩漾', 1, 6, '療癒小物', 19, 1000, 10, '角落小夥伴一起去玩耍-1.jpg', 1, '1'),
(184, 's004', '朝隈俊男-第一彈(6入)', '黃連', 4, 6, '療癒小物', 19, 1380, 10, '朝隈俊男氣噗噗第一彈-1.jpg', 1, '1'),
(185, 's005', '動物好朋友-富有小花狗', '黃連', 4, 6, '療癒小物', 19, 480, 10, '動物好朋友-富有小花狗-1.jpg', 1, '1'),
(186, 's006', '山林小朋友-雲豹', '紫電', 7, 6, '療癒小物', 19, 330, 10, '山林小朋友公仔雲豹-1.jpg', 1, '1'),
(187, 's007', '小動物好朋友-奇異毛鳥', '紫電', 7, 6, '療癒小物', 19, 450, 10, '奇異毛鳥手工小陶偶-1.jpg', 1, '1'),
(188, 's008', '療癒小猴系列-遙遙小猴五件組', '紫電', 7, 6, '療癒小物', 19, 1500, 10, '遙遙小猴五件組-1.jpg', 1, '1'),
(189, 's009', '療癒小猴系列-祈禱小猴三件組', '紫電', 7, 6, '療癒小物', 19, 990, 10, '祈禱小猴三件組-1.jpg', 1, '1'),
(190, 's010', '山林小朋友-貓頭鷹', '紫電', 7, 6, '療癒小物', 19, 330, 10, '山林小朋友公仔貓頭鷹-1.jpg', 1, '1'),
(191, 't001', '燒味袋防水側背包', '藍天', 6, 7, '日常包款', 20, 1440, 10, '燒味袋防水側背包-2.jpg', 1, '1'),
(192, 't002', '傳遞信封包', '藍天', 6, 7, '日常包款', 20, 1550, 10, '傳遞信封包-1.jpg', 1, '1'),
(193, 't003', '經典新M號帆布包', '藍天', 6, 7, '日常包款', 20, 700, 10, '經典新M號帆布包-1.jpg', 1, '1'),
(194, 't004', 'Calla天藍波浪形手提包', '德晶', 9, 7, '日常包款', 20, 5750, 10, 'Calla天藍波浪形手提包-1.jpg', 1, '1'),
(195, 't005', '駝鹿百搭後背包', '德晶', 9, 7, '日常包款', 20, 1180, 10, '駝鹿百搭後背包-1.jpg', 1, '1'),
(196, 't006', '牛津拼皮大容量背包', '德晶', 9, 7, '日常包款', 20, 3760, 10, '牛津拼皮大容量背包-1.jpg', 1, '1'),
(197, 't007', '全方位機能背包', '德晶', 9, 7, '日常包款', 20, 1150, 10, '全方位機能背包-2.jpg', 1, '1'),
(198, 't008', '蛋背包', '勝暉', 10, 7, '日常包款', 20, 3080, 10, '蛋背包-1.jpg', 1, '1'),
(199, 't009', '軍綠防潑防盜後背包', '勝暉', 10, 7, '日常包款', 20, 1820, 10, '軍綠防潑防盜後背包-1.jpg', 1, '1'),
(200, 't010', '水桶包', '勝暉', 10, 7, '日常包款', 20, 2170, 10, '水桶包-2.jpg', 1, '1'),
(201, 'u001', '小花刺繡方形小口金包', '紅樹果', 2, 7, '錢包', 21, 490, 10, '小花刺繡方形小口金包-1.jpg', 1, '1'),
(202, 'u002', '羊毛氈零錢包', '紅樹果', 2, 7, '錢包', 21, 800, 10, '羊毛氈零錢包-2.jpg', 1, '1'),
(203, 'u003', '真皮多層短錢包', '紅樹果', 2, 7, '錢包', 21, 1080, 10, '真皮多層短錢包-1.jpg', 1, '1'),
(204, 'u004', '夾心圓形零錢包', '紅樹果', 2, 7, '錢包', 21, 730, 10, '夾心圓形零錢包-1.jpg', 1, '1'),
(205, 'u005', '軟蓬蓬牛皮短夾', '紅樹果', 2, 7, '錢包', 21, 1140, 10, '軟蓬蓬牛皮短夾-1.jpg', 1, '1'),
(206, 'u006', '富士山真皮短夾', '紅樹果', 2, 7, '錢包', 21, 1680, 10, '富士山真皮短夾-1.jpg', 1, '1'),
(207, 'u007', '短款真皮錢包', '綠界', 5, 7, '錢包', 21, 1020, 10, '短款真皮錢包-2.jpg', 1, '1'),
(208, 'u008', '曬貓咪水洗牛皮紙夾', '綠界', 5, 7, '錢包', 21, 980, 10, '曬貓咪水洗牛皮紙夾-2.jpg', 1, '1'),
(209, 'u009', '義大利羊皮拉鍊長夾', '紫電', 7, 7, '錢包', 21, 2290, 10, '義大利羊皮拉鍊長夾-1.jpg', 1, '1'),
(210, 'u010', '焙茶色帆布可水洗紙長夾', '紫電', 7, 7, '錢包', 21, 1280, 10, '焙茶色帆布可水洗紙長夾-1.jpg', 1, '1'),
(211, 'v001', '紙汽球小牛皮收納包', '彩漾', 1, 7, '收納包', 22, 1470, 10, '紙汽球小牛皮收納包-1.jpg', 1, '1'),
(212, 'v002', '圓滾滾橘-寬口束口袋', '彩漾', 1, 7, '收納包', 22, 530, 10, '圓滾滾橘-寬口束口袋-1.jpg', 1, '1'),
(213, 'v003', '小海豹軟Q收納袋', '彩漾', 1, 7, '收納包', 22, 820, 10, '小海豹軟Q收納袋-1.jpg', 1, '1'),
(214, 'v004', '白珊瑚帆布收納袋', '彩漾', 1, 7, '收納包', 22, 450, 10, '白珊瑚帆布收納袋-1.jpg', 1, '1'),
(215, 'v005', '頭層羊皮刺繡收納包', '彩漾', 1, 7, '收納包', 22, 1550, 10, '頭層羊皮刺繡收納包-1.jpg', 1, '1'),
(216, 'v006', 'A4輕薄文件收納袋', '橙多', 3, 7, '收納包', 22, 1590, 10, 'A4輕薄文件收納袋-1.jpg', 1, '1'),
(217, 'v007', '水泥飾束口袋', '橙多', 3, 7, '收納包', 22, 110, 10, '水泥飾束口袋-1.jpg', 1, '1'),
(218, 'v008', '皮革丹寧帆布斜側揹', '橙多', 3, 7, '收納包', 22, 780, 10, '皮革丹寧帆布斜側揹-1.jpg', 1, '1'),
(219, 'v009', '環保防水相機袋', '凱基', 8, 7, '收納包', 22, 2990, 10, '環保防水相機袋-2.jpg', 1, '1'),
(220, 'v010', '手工植鞣真皮相機包', '凱基', 8, 7, '收納包', 22, 2800, 10, '手工植鞣真皮相機包-1.jpg', 1, '1'),
(221, 'w001', '前開式防盜拉鍊行李箱', '黃連', 4, 7, '旅行', 23, 8640, 10, '前開式防盜拉鍊行李箱-2.jpg', 1, '1'),
(222, 'w002', '防潑水旅行袋', '黃連', 4, 7, '旅行', 23, 680, 10, '防潑水旅行袋-2.jpg', 1, '1'),
(223, 'w003', '圓筒燈芯絨旅行袋', '黃連', 4, 7, '旅行', 23, 2380, 10, '圓筒燈芯絨旅行袋-1.jpg', 1, '1'),
(224, 'w004', '奢華鋁鎂合金行李箱', '黃連', 4, 7, '旅行', 23, 8500, 10, '奢華鋁鎂合金行李箱-2.jpg', 1, '1'),
(225, 'w005', '史努比20吋拉鍊旅行箱', '藍天', 6, 7, '旅行', 23, 3680, 10, '史努比20吋拉鍊旅行箱-2.jpg', 1, '1'),
(226, 'w006', '鑽石珠光衣物袋-戀愛粉', '藍天', 6, 7, '旅行', 23, 3600, 10, '鑽石珠光衣物袋-戀愛粉-2.jpg', 1, '1'),
(227, 'w007', '橘色大包包', '德晶', 9, 7, '旅行', 23, 1090, 10, '橘色大包包-2.jpg', 1, '1'),
(228, 'w008', '大型可收納旅行萬用包', '德晶', 9, 7, '旅行', 23, 530, 10, '大型可收納旅行萬用包-2.jpg', 1, '1'),
(229, 'w009', '雙齒防盜防爆拉鍊箱', '德晶', 9, 7, '旅行', 23, 7180, 10, '雙齒防盜防爆拉鍊箱-1.jpg', 1, '1'),
(230, 'w010', '好安心折疊式旅行袋', '德晶', 9, 7, '旅行', 23, 3000, 10, '好安心折疊式旅行袋-2.jpg', 1, '1');

-- --------------------------------------------------------

--
-- 資料表結構 `user_order`
--
-- 建立時間： 2022-04-25 06:40:13
--

DROP TABLE IF EXISTS `user_order`;
CREATE TABLE `user_order` (
  `id` int(5) UNSIGNED NOT NULL,
  `customer_user_id` int(5) NOT NULL,
  `member_num` varchar(20) COLLATE utf8mb4_unicode_ci NOT NULL,
  `member_name` varchar(50) COLLATE utf8mb4_unicode_ci NOT NULL,
  `order_date` datetime NOT NULL,
  `order_address` varchar(100) COLLATE utf8mb4_unicode_ci NOT NULL
) ENGINE=InnoDB DEFAULT CHARSET=utf8mb4 COLLATE=utf8mb4_unicode_ci;

--
-- 傾印資料表的資料 `user_order`
--

INSERT INTO `user_order` (`id`, `customer_user_id`, `member_num`, `member_name`, `order_date`, `order_address`) VALUES
(1, 5, 'cus_005', '許實詠', '2022-04-01 01:00:00', '臺中市大雅區雅潭路33號'),
(2, 4, 'cus_004', '汪品月', '2022-04-05 02:00:00', '臺中市潭子區人和路2號'),
(3, 3, 'cus_003', '邱禮凱', '2022-04-09 03:00:00', '桃園市新屋區青田路35號'),
(4, 2, 'cus_002', '謝壘景', '2022-04-11 04:00:00', '桃園市中壢區大仁五街25號'),
(5, 1, 'cus_001', '殷琦程', '2022-04-22 19:57:49', '桃園市平鎮區南安路7號'),
(6, 1, 'cus_001', '殷琦程', '2022-04-22 20:48:26', '桃園市平鎮區南安路7號'),
(7, 10, 'cus_010', '金竹碧', '2022-04-22 21:03:15', '新北市三重區重化街27號'),
(8, 6, 'cus_006', '盛含姿', '2022-04-22 21:12:56', '臺中市豐原區建成路4號'),
(9, 7, 'cus_007', '高心若', '2022-04-22 21:46:10', '臺中市北區中華西街30號');

-- --------------------------------------------------------

--
-- 資料表結構 `user_order_detail`
--
-- 建立時間： 2022-04-25 06:40:13
--

DROP TABLE IF EXISTS `user_order_detail`;
CREATE TABLE `user_order_detail` (
  `id` int(5) UNSIGNED NOT NULL,
  `order_id` int(5) NOT NULL,
  `product_id` int(5) NOT NULL,
  `vendor_id` int(5) NOT NULL,
  `product_name` varchar(50) COLLATE utf8mb4_unicode_ci NOT NULL,
  `price` int(5) NOT NULL,
  `amount` int(3) NOT NULL,
  `subtotal` int(10) NOT NULL
) ENGINE=InnoDB DEFAULT CHARSET=utf8mb4 COLLATE=utf8mb4_unicode_ci;

--
-- 傾印資料表的資料 `user_order_detail`
--

INSERT INTO `user_order_detail` (`id`, `order_id`, `product_id`, `vendor_id`, `product_name`, `price`, `amount`, `subtotal`) VALUES
(1, 1, 1, 1, '拿坡里環保咖啡壺', 700, 2, 1400),
(2, 1, 2, 4, '一角筷套組', 250, 3, 750),
(3, 1, 3, 1, '手工橄欖木高腳杯', 650, 1, 650),
(4, 2, 4, 4, '情侶對杯盤子', 950, 4, 3800),
(5, 2, 5, 1, '摩艾細造型玻璃吸管', 320, 5, 1600),
(6, 2, 6, 4, '原木點心架', 1200, 1, 1200),
(7, 3, 7, 7, '日日便當盒', 700, 2, 1400),
(8, 3, 8, 7, '人物造型馬克杯', 350, 3, 1050),
(9, 3, 9, 7, '青白瓷菊型盤', 660, 1, 660),
(10, 4, 147, 7, 'Mark+獨角仙同色系螢光筆', 70, 5, 350),
(11, 4, 99, 7, '老派紳士帽', 2980, 1, 2980),
(12, 4, 146, 7, '手工木質鋼筆', 5800, 1, 5800),
(13, 4, 148, 7, '環保塑料/真草筆/真稻筆/六入', 550, 3, 1650),
(14, 4, 150, 7, 'PREMEC瑞士筆', 540, 2, 1080),
(15, 5, 26, 10, '蒲公英木質燈飾', 1400, 2, 2800),
(16, 5, 30, 10, '法式浪漫簡約床頭燈', 1450, 5, 7250),
(17, 5, 42, 10, '節流皂床-肥皂架', 400, 10, 4000),
(18, 6, 125, 7, '北歐超薄快充行動電源', 990, 5, 4950),
(19, 6, 126, 7, '二合一木製iPhone充電器', 2350, 2, 4700),
(20, 6, 187, 7, '小動物好朋友-奇異毛鳥', 450, 4, 1800),
(21, 6, 54, 7, '龍貓門簾', 800, 2, 1600),
(22, 6, 92, 7, 'Alegant時尚金框墨鏡', 980, 1, 980),
(23, 7, 187, 7, '小動物好朋友-奇異毛鳥', 450, 2, 900),
(24, 7, 145, 7, '紅木筆管原銅裝雙色書法鋼尖鋼筆', 3800, 2, 7600),
(25, 7, 96, 7, '繡花手織綿圍巾', 1380, 2, 2760),
(26, 7, 190, 7, '山林小朋友-貓頭鷹', 330, 3, 990),
(27, 7, 99, 7, '老派紳士帽', 2980, 1, 2980),
(28, 8, 105, 6, '生日石項鍊', 980, 2, 1960),
(29, 8, 210, 7, '焙茶色帆布可水洗紙長夾', 1280, 1, 1280),
(30, 8, 101, 2, '上弦之月項鍊', 2030, 1, 2030),
(31, 8, 209, 7, '義大利羊皮拉鍊長夾', 2290, 1, 2290),
(32, 8, 126, 7, '二合一木製iPhone充電器', 2350, 2, 4700),
(33, 9, 9, 7, '青白瓷菊型盤', 660, 5, 3300),
(34, 9, 6, 4, '原木點心架', 1200, 3, 3600),
(35, 9, 114, 1, '青青草兒髮圈', 100, 3, 300),
(36, 9, 94, 4, '森林小刺蝟手帕', 400, 5, 2000),
(37, 9, 214, 1, '白珊瑚帆布收納袋', 450, 2, 900),
(38, 9, 8, 7, '人物造型馬克杯', 350, 2, 700),
(39, 9, 113, 1, '水鑽石髮夾', 500, 2, 1000),
(40, 9, 223, 4, '圓筒燈芯絨旅行袋', 2380, 1, 2380),
(41, 9, 96, 7, '繡花手織綿圍巾', 1380, 1, 1380),
(42, 9, 34, 1, '玻璃花瓶擺飾', 700, 3, 2100);

-- --------------------------------------------------------

--
-- 資料表結構 `vendor_user`
--
-- 建立時間： 2022-04-25 06:40:13
--

DROP TABLE IF EXISTS `vendor_user`;
CREATE TABLE `vendor_user` (
  `id` int(5) UNSIGNED NOT NULL,
  `business_num` varchar(20) COLLATE utf8mb4_unicode_ci NOT NULL,
  `business_name` varchar(20) COLLATE utf8mb4_unicode_ci NOT NULL,
  `account` varchar(50) COLLATE utf8mb4_unicode_ci NOT NULL,
  `password` varchar(20) COLLATE utf8mb4_unicode_ci NOT NULL,
  `phone` varchar(20) COLLATE utf8mb4_unicode_ci NOT NULL,
  `address` varchar(50) COLLATE utf8mb4_unicode_ci NOT NULL,
  `create_time` datetime NOT NULL,
  `valid` tinyint(4) NOT NULL
) ENGINE=InnoDB DEFAULT CHARSET=utf8mb4 COLLATE=utf8mb4_unicode_ci;

--
-- 傾印資料表的資料 `vendor_user`
--

INSERT INTO `vendor_user` (`id`, `business_num`, `business_name`, `account`, `password`, `phone`, `address`, `create_time`, `valid`) VALUES
(1, 'bus_001', '彩漾', 'color123@test.com', '12345', '0929000001', '彰化縣芳苑鄉立言街12號', '2022-01-01 08:30:00', 1),
(2, 'bus_002', '紅樹果', 'red123@test.com', '12345', '0929000002', '高雄市田寮區新興路19號', '2022-01-02 09:00:00', 1),
(3, 'bus_003', '橙多', 'orange123@test.com', '12345', '0929000003', '屏東縣內埔鄉新光路10號', '2022-01-03 10:00:00', 1),
(4, 'bus_004', '黃連', 'yellow123@test.com', '12345', '0929000004', '臺南市仁德區北保四街35號', '2022-01-03 11:00:00', 1),
(5, 'bus_005', '綠界_ch', 'green123@test.com', '12345', '0929000005', '高雄市前鎮區建南街21號', '2022-01-04 10:30:00', 1),
(6, 'bus_006', '藍天', 'blue123@test.com', '12345', '0929000006', '臺北市大同區錦西街27號', '2022-01-05 15:00:00', 1),
(7, 'bus_007', '紫電', 'purple123@test.com', '12345', '0929000007', '臺北市萬華區武昌街23號', '2022-01-06 16:00:00', 1),
(8, 'bus_008', '凱基', 'kai123@test.com', '12345', '0929000008', '臺北市中正區衡陽路27號', '2022-01-07 08:00:00', 1),
(9, 'bus_009', '德晶', 'virtue123@test.com', '12345', '0929000009', '臺北市中正區三元街6號', '2022-01-07 14:30:00', 1),
(10, 'bus_010', '勝暉', 'victor123@test.com', '12345', '0929000010', '臺北市中山區渭水路34號', '2022-01-08 00:00:00', 1),
(11, 'bus_011', 'ddd', 'ddd@test.com', '12345', '0987654321', 'jjj', '2022-04-25 10:51:31', 0),
(12, 'bus_012', 'joe', 'ddd99@test.com', '123', '09999999', '臺中市大雅區雅潭路30號', '2022-04-25 11:10:34', 1);

--
-- 已傾印資料表的索引
--

--
-- 資料表索引 `admin_user`
--
ALTER TABLE `admin_user`
  ADD PRIMARY KEY (`id`);

--
-- 資料表索引 `category`
--
ALTER TABLE `category`
  ADD PRIMARY KEY (`id`);

--
-- 資料表索引 `classify`
--
ALTER TABLE `classify`
  ADD PRIMARY KEY (`id`);

--
-- 資料表索引 `course`
--
ALTER TABLE `course`
  ADD PRIMARY KEY (`id`);

--
-- 資料表索引 `customer_user`
--
ALTER TABLE `customer_user`
  ADD PRIMARY KEY (`id`);

--
-- 資料表索引 `exhibition`
--
ALTER TABLE `exhibition`
  ADD PRIMARY KEY (`id`);

--
-- 資料表索引 `product`
--
ALTER TABLE `product`
  ADD PRIMARY KEY (`id`);

--
-- 資料表索引 `user_order`
--
ALTER TABLE `user_order`
  ADD PRIMARY KEY (`id`);

--
-- 資料表索引 `user_order_detail`
--
ALTER TABLE `user_order_detail`
  ADD PRIMARY KEY (`id`);

--
-- 資料表索引 `vendor_user`
--
ALTER TABLE `vendor_user`
  ADD PRIMARY KEY (`id`);

--
-- 在傾印的資料表使用自動遞增(AUTO_INCREMENT)
--

--
-- 使用資料表自動遞增(AUTO_INCREMENT) `admin_user`
--
ALTER TABLE `admin_user`
  MODIFY `id` int(5) UNSIGNED NOT NULL AUTO_INCREMENT, AUTO_INCREMENT=2;

--
-- 使用資料表自動遞增(AUTO_INCREMENT) `category`
--
ALTER TABLE `category`
  MODIFY `id` int(5) UNSIGNED NOT NULL AUTO_INCREMENT, AUTO_INCREMENT=24;

--
-- 使用資料表自動遞增(AUTO_INCREMENT) `classify`
--
ALTER TABLE `classify`
  MODIFY `id` int(5) NOT NULL AUTO_INCREMENT, AUTO_INCREMENT=8;

--
-- 使用資料表自動遞增(AUTO_INCREMENT) `course`
--
ALTER TABLE `course`
  MODIFY `id` int(5) UNSIGNED NOT NULL AUTO_INCREMENT;

--
-- 使用資料表自動遞增(AUTO_INCREMENT) `customer_user`
--
ALTER TABLE `customer_user`
  MODIFY `id` int(5) UNSIGNED NOT NULL AUTO_INCREMENT, AUTO_INCREMENT=12;

--
-- 使用資料表自動遞增(AUTO_INCREMENT) `exhibition`
--
ALTER TABLE `exhibition`
  MODIFY `id` int(5) UNSIGNED NOT NULL AUTO_INCREMENT;

--
-- 使用資料表自動遞增(AUTO_INCREMENT) `product`
--
ALTER TABLE `product`
  MODIFY `id` int(5) UNSIGNED NOT NULL AUTO_INCREMENT, AUTO_INCREMENT=231;

--
-- 使用資料表自動遞增(AUTO_INCREMENT) `user_order`
--
ALTER TABLE `user_order`
  MODIFY `id` int(5) UNSIGNED NOT NULL AUTO_INCREMENT, AUTO_INCREMENT=10;

--
-- 使用資料表自動遞增(AUTO_INCREMENT) `user_order_detail`
--
ALTER TABLE `user_order_detail`
  MODIFY `id` int(5) UNSIGNED NOT NULL AUTO_INCREMENT, AUTO_INCREMENT=43;

--
-- 使用資料表自動遞增(AUTO_INCREMENT) `vendor_user`
--
ALTER TABLE `vendor_user`
  MODIFY `id` int(5) UNSIGNED NOT NULL AUTO_INCREMENT, AUTO_INCREMENT=13;
COMMIT;
